category,count,mean,median,std
vegetable,852,89.92169673077147,73.0,71.82687638754405
snack,258,213.97450958910503,211.98256802130658,88.00775031881027
fruit,223,65.35467397033163,48.925329999999995,72.28741368180057
meat,215,70.4573845337779,7.64821,117.70201892000918
beverage,198,133.85617692574777,106.20259,89.2544473665842
grain,189,171.5524673567803,159.876033085,90.21570675913226
dairy,165,60.283107191146236,18.099173605,95.61505116214418
