storage_type,count,mean,median,std,min,max
freezer,474,188.46035194662824,202.13993198286755,117.25144874404937,0.0,365.0
fridge,953,79.77178865257275,73.0,59.12666634822962,0.0,361.98347100499996
pantry,673,96.67469494564284,59.325068775,98.46470062743666,0.0,365.0
